{
    "id": "animare",
    "name": "Animare",
    "main_key": "youtube",
    "upload_base": "774 inc./Animare",
    "vliver": [
        {
            "name": "Animare Cafe",
            "youtube": "UC8BS2IrE9NmxKLX7ObRVyxQ",
            "bilibili": "390899490"
        },
        {
            "name": "Hinokuma Ran",
            "youtube": "UCRvpMpzAXBRKJQuk-8-Sdvg",
            "bilibili": "390899490"
        },
        {
            "name": "Haneru Inaba",
            "youtube": "UC0Owc36U9lOyi9Gx9Ic-4qg",
            "bilibili": "390899490"
        },
        {
            "name": "Souya Ichika",
            "youtube": "UC2kyQhzGOB-JPgcQX9OMgEw",
            "bilibili": "390899490"
        },
        {
            "name": "Kazami Kuku",
            "youtube": "UCXp7sNC0F_qkjickvlYkg-Q",
            "bilibili": "390899490"
        },
        {
            "name": "Yunohara Izumi",
            "youtube": "UCW8WKciBixmaqaGqrlTITRQ",
            "bilibili": "390899490"
        },
        {
            "name": "Haibara Akane",
            "youtube": "UCOgONfZgrG2g0jntQKa6cDw",
            "bilibili": "390899490"
        },
        {
            "name": "Momono Yurari",
            "youtube": "UCTsEofJvQymp0Dcd4wYBmVQ",
            "bilibili": "390899490"
        },
        {
            "name": "Mimi Shiromiya",
            "youtube": "UCtzCQnCT9E4o6U3mHHSHbQQ",
            "bilibili": "390899490"
        },
        {
            "name": "Hashiba Natsumi",
            "youtube": "UC_BlXOQe5OcRC7o0GX8kp8A",
            "bilibili": "390899490"
        },
        {
            "name": "Hinako Umori",
            "youtube": "UChqYnJlFxlBi6DfRz6jRenQ",
            "bilibili": "390899490"
        }
    ]
}