{
    "id": "eilene",
    "name": "Eilene",
    "main_key": "youtube",
    "upload_base": "Eilene",
    "vliver": [
        {
            "name": "Yomemi",
            "youtube": "UCy5lOmEQoivK5XK7QCaRKug"
        },
        {
            "name": "Etra",
            "youtube": "UCAHXqn4nAd2j3LRu1Qyi_JA"
        },
        {
            "name": "Natsumi Moe",
            "youtube": "UCBePKUYNhoMcjBi-BRmjarQ"
        },
        {
            "name": "Sifir Esirer",
            "youtube": "UCz0lin3ZsOtmr2yuTN2MDQg"
        },
        {
            "name": "Yomeno Moemi",
            "youtube": "UCIwHOJn_3QjBTwQ_gNj7WRA"
        }
    ]
}