{
    "id": "hololiveen",
    "name": "Hololive English",
    "main_key": "youtube",
    "upload_base": "Hololive/.Hololive EN",
    "vliver": [
        {
            "name": "Hololive English",
            "youtube": "UCotXwY6s8pWmuWd_snKYjhg"
        },
        {
            "name": "Mori Calliope",
            "youtube": "UCL_qhgtOy0dy1Agp8vkySQg"
        },
        {
            "name": "Takanashi Kiara",
            "youtube": "UCHsx4Hqa-1ORjQTh9TYDhww"
        },
        {
            "name": "Ninomae Ina’nis",
            "youtube": "UCMwGHR0BTZuLsmjY_NT5Pwg"
        },
        {
            "name": "Gawr Gura",
            "youtube": "UCoSrY_IQQVpmIRZ9Xf-y93g"
        },
        {
            "name": "Watson Amelia",
            "youtube": "UCyl1z3jo3XHR1riLFKG5UAg"
        },
        {
            "name": "IRyS",
            "youtube": "UC8rcEBzJSleTkf_-agPM20g"
        },
        {
            "name": "Tsukumo Sana",
            "youtube": "UCsUj0dszADCGbF3gNrQEuSQ"
        },
        {
            "name": "Ceres Fauna",
            "youtube": "UCO_aKKYxn4tvrqPjcTzZ6EQ"
        },
        {
            "name": "Ouro Kronii",
            "youtube": "UCmbs8T6MWqUHP1tIQvSgKrg"
        },
        {
            "name": "Nanashi Mumei",
            "youtube": "UC3n5uGu18FoCy23ggWWp8tA"
        },
        {
            "name": "Hakos Baelz",
            "youtube": "UCgmPnx-EEeOrZSg5Tiw7ZRQ"
        }
    ]
}