{
    "id": "hololiveid",
    "name": "Hololive Indonesia",
    "upload_base": "Hololive/.Hololive ID",
    "main_key": "youtube",
    "vliver": [
        {
            "name": "Hololive Indonesia",
            "youtube": "UCfrWoRGlawPQDQxxeIDRP0Q"
        },
        {
            "name": "Ayunda Risu",
            "youtube": "UCOyYb1c43VlX9rc_lT6NKQw"
        },
        {
            "name": "Moona Hoshinova",
            "youtube": "UCP0BspO_AMEe3aQqqpo89Dg"
        },
        {
            "name": "Airani Iofifteen",
            "youtube": "UCAoy6rzhSf4ydcYjJw3WoVg"
        },
        {
            "name": "Kureiji Ollie",
            "youtube": "UCYz_5n-uDuChHtLo7My1HnQ"
        },
        {
            "name": "Anya Melfissa",
            "youtube": "UC727SQYUvx5pDDGQpTICNWg"
        },
        {
            "name": "Pavolia Reine",
            "youtube": "UChgTyjG-pdNvxxhdsXfHQ5Q"
        }
    ]
}