{
    "id": "hololive",
    "name": "Hololive Main",
    "main_key": "youtube",
    "upload_base": "Hololive",
    "vliver": [
        {
            "name": "Hololive Official",
            "youtube": "UCJFZiqLMntJufDCHc6bQixg"
        },
        {
            "name": "AZKi",
            "youtube": "UC0TXe_LYZ4scaW2XMyi5_kw",
            "bilibili": "389056211"
        },
        {
            "name": "Tokino Sora",
            "youtube": "UCp6993wxpyDPHUpavwDFqgg",
            "bilibili": "286179206"
        },
        {
            "name": "Roboco-san",
            "youtube": "UCDqI2jOz0weumE8s7paEk6g",
            "bilibili": "20813493",
            "twitcasting": "robocosan"
        },
        {
            "name": "Sakura Miko",
            "youtube": "UC-hM6YJuNYVAmUWxeIr9FeA",
            "bilibili": "366690056",
            "twitch": "sakuramiko_hololive"
        },
        {
            "name": "Hoshimachi Suisei",
            "youtube": "UC5CwaMl1eIgY8h02uZw7u8A",
            "bilibili": "9034870"
        },
        {
            "name": "Yozora Mel",
            "youtube": "UCD8HOxPs4Xvsm8H0ZxXGiBw",
            "bilibili": "389856447",
            "twitcasting": "yozoramel"
        },
        {
            "name": "Natsuiro Matsuri",
            "youtube": "UCQ0UDLQCjY0rmuxCDE38FGg",
            "bilibili": "336731767",
            "twitcasting": "natsuiromatsuri"
        },
        {
            "name": "Akai Haato",
            "youtube": "UC1CfXB_kRs3C-zaeTG3oGyg",
            "bilibili": "339567211",
            "twitcasting": "akaihaato"
        },
        {
            "name": "Akai Haato Sub ch",
            "youtube": "UCHj_mh57PVMXhAUDphUQDFA"
        },
        {
            "name": "Aki Rosenthal",
            "youtube": "UCFTLzh12_nrtzqBPsTCqenA",
            "bilibili": "389857131",
            "twitcasting": "akirosenthal"
        },
        {
            "name": "Minato Aqua",
            "youtube": "UC1opHUrw8rvnsadT-iGp7Cg",
            "bilibili": "375504219"
        },
        {
            "name": "Nakiri Ayame",
            "youtube": "UC7fk0CB07ly8oSl0aqKkqFg",
            "bilibili": "389858027",
            "twitcasting": "nakiriayame"
        },
        {
            "name": "Yuzuki Choco",
            "youtube": "UC1suqwovbL1kzsoaZgFZLKg",
            "bilibili": "389858754",
            "twitcasting": "yuzukichococh"
        },
        {
            "name": "Yuzuki Choco Sub ch",
            "youtube": "UCp3tgHXw_HI0QMk1K8qh3gQ"
        },
        {
            "name": "Murasaki Shion",
            "youtube": "UCXTpFs_3PqI41qX2d9tL2Rw",
            "bilibili": "389857640"
        },
        {
            "name": "Oozora Subaru",
            "youtube": "UCvzGlP9oQwU--Y0r9id_jnA",
            "bilibili": "389859190"
        },
        {
            "name": "Shirakami Fubuki",
            "youtube": "UCdn5BQ06XqgXoAxIhbqw5Rg",
            "bilibili": "332704117",
            "twitcasting": "shirakamifubuki"
        },
        {
            "name": "Ookami Mio",
            "youtube": "UCp-5t9SrOQwXMU7iIjQfARg",
            "bilibili": "389862071"
        },
        {
            "name": "Nekomata Okayu",
            "youtube": "UCvaTdHTWBGv3MKj3KVqJVCw",
            "bilibili": "412135222"
        },
        {
            "name": "Inugami Korone",
            "youtube": "UChAnqc_AY5_I3Px5dig3X1Q",
            "bilibili": "412135619"
        },
        {
            "name": "Shiranui Flare",
            "youtube": "UCvInZx9h3jC2JzsIzoOebWg",
            "bilibili": "454737600"
        },
        {
            "name": "Shirogane Noel",
            "youtube": "UCdyqAaZDKHXg4Ahi7VENThQ",
            "bilibili": "454733056"
        },
        {
            "name": "Houshou Marine",
            "youtube": "UCCzUftO8KOVkV4wQG1vkUvg",
            "bilibili": "454955503"
        },
        {
            "name": "Usada Pekora",
            "youtube": "UC1DCedRgGHBdm81E1llLhOQ",
            "bilibili": "443305053"
        },
        {
            "name": "Uruha Rushia",
            "youtube": "UCl_gCybOJRIgOXw6Qb4qJzQ",
            "bilibili": "443300418"
        },
        {
            "name": "Amane Kanata",
            "youtube": "UCZlDXzGoo7d44bwdNObFacg",
            "bilibili": "491474048"
        },
        {
            "name": "Kiryu Coco",
            "youtube": "UCS9uQI-jC3DE0L4IpXyvr6w",
            "bilibili": "491474049"
        },
        {
            "name": "Tsunomaki Watame",
            "youtube": "UCqm3BQLlJfvkTsX_hvm0UmA",
            "bilibili": "491474050"
        },
        {
            "name": "Tokoyami Towa",
            "youtube": "UC1uv2Oq6kNxgATlCiez59hw",
            "bilibili": "491474051"
        },
        {
            "name": "Himemori Luna",
            "youtube": "UCa9Y57gfeY0Zro_noHRVrnw",
            "bilibili": "491474052"
        },
        {
            "name": "Yukihana Lamy",
            "youtube": "UCFKOVgVbGmX65RxO3EtH3iw"
        },
        {
            "name": "Momosuzu Nene",
            "youtube": "UCAWSyEs_Io8MtpY3m-zqILA"
        },
        {
            "name": "Shishiro Botan",
            "youtube": "UCUKD-uaobj9jiqB-VXt71mA"
        },
        {
            "name": "Mano Aloe",
            "youtube": "UCgZuwn-O7Szh9cAgHqJ6vjw"
        },
        {
            "name": "Omaru Polka",
            "youtube": "UCK9V2B22uJYu3N7eR_BT9QA"
        },
        {
            "name": "Laplus Darkness",
            "youtube": "UCENwRMx5Yh42zWpzURebzTw"
        },
        {
            "name": "Takane Lui",
            "youtube": "UCs9_O1tRPMQTHQ-N_L6FU2g"
        },
        {
            "name": "Hakui Koyori",
            "youtube": "UC6eWCld0KwmyHFbAqK3V-Rw"
        },
        {
            "name": "Sakamata Chloe",
            "youtube": "UCIBY1ollUsauvVi4hW4cumw"
        },
        {
            "name": "Kazama Iroha",
            "youtube": "UC_vMYWcDjmfdpH6r4TTn1MQ"
        }
    ]
}