{
    "id": "holostars",
    "name": "Holostars",
    "upload_base": "Holostars",
    "main_key": "youtube",
    "schedule_api": "https://storage.googleapis.com/vthell-data/live.json",
    "vliver": [
        {
            "name": "Holostars Official",
            "youtube": "UCWsfcksUUpoEvhia0_ut0bA"
        },
        {
            "name": "Hanasaki Miyabi",
            "youtube": "UC6t3-_N8A6ME1JShZHHqOMw"
        },
        {
            "name": "Kanade Izuru",
            "youtube": "UCZgOv3YDEs-ZnZWDYVwJdmA",
            "bilibili": "456232604",
            "twitcasting": "kanadeizuru"
        },
        {
            "name": "Kagami Kira",
            "youtube": "UCEzsociuFqVwgZuMaZqaCsg"
        },
        {
            "name": "Arurandeisu",
            "youtube": "UCKeAhJvy8zgXWbh9duVjIaQ",
            "bilibili": "551114700",
            "twitcasting": "arurandeisu"
        },
        {
            "name": "Rikka",
            "youtube": "UC9mf_ZVpouoILRY9NUIaK-w",
            "bilibili": "350631685",
            "twitcasting": "rikkaroid"
        },
        {
            "name": "Astel Leda",
            "youtube": "UCNVEsYbiZjH5QLmGeSgTSzg",
            "bilibili": "551114698",
            "twitcasting": "astelleda"
        },
        {
            "name": "Kishido Temma",
            "youtube": "UCGNI4MENvnsymYjKiZwv9eg"
        },
        {
            "name": "Yukoku Roberu",
            "youtube": "UCANDOlYTJT7N5jlRC3zfzVA"
        },
        {
            "name": "Kageyama Shien",
            "youtube": "UChSvpZYRPh0FvG4SJGSga3g",
            "twitcasting": "kageyamashien"
        },
        {
            "name": "Aragami Oga",
            "youtube": "UCwL7dgTxKo8Y4RFIKWaf8gA"
        }
    ]
}