{
    "id": "kamitsubaki",
    "name": "Kamitsubaki Studio",
    "main_key": "youtube",
    "upload_base": "Kamitsubaki Studio",
    "vliver": [
        {
            "name": "Kamitsubaki Studio",
            "youtube": "UCAOhUv73jM5iCpOhuJOQzxA"
        },
        {
            "name": "Isekai Joucho",
            "youtube": "UCah4_WVjmr8XA7i5aigwV-Q",
            "bilibili": "488978908"
        },
        {
            "name": "Haru Saruhi",
            "bilibili": "488976992",
            "youtube": "UCE7gtjLeZKNXLp5YURzYYeg"
        },
        {
            "name": "Rim",
            "bilibili": "489046950",
            "youtube": "UCfBkUgaJ6eqYA9_TX2cmq9A"
        },
        {
            "name": "Kaf",
            "youtube": "UCQ1U65-CQdIoZ2_NA4Z4F7A",
            "bilibili": "488970166"
        },
        {
            "name": "KAFU",
            "youtube": "UCm_1n9F3A6pz-Ms2NP93tBA"
        },
        {
            "name": "Koko",
            "youtube": "UC7Gow-kNHq21oejSIDg9PAg"
        }
    ]
}