{
    "id": "lupinusvg",
    "name": "Lupinus Virtual Games",
    "main_key": "youtube",
    "upload_base": "Virtual eSports Project/Lupinus Virtual Games",
    "vliver": [
        {
            "name": "Ichinose Uruha",
            "youtube": "UC5LyYg6cCA4yHEYvtUsir3g",
            "mildom": "10957164"
        },
        {
            "name": "Sumire Kaga",
            "youtube": "UCyLGcqYs7RsBb3L0SJfzGYA",
            "mildom": "10957333"
        },
        {
            "name": "Nazuna Kaga",
            "youtube": "UCiMG6VdScBabPhJ1ZtaVmbw"
        },
        {
            "name": "Kogara Toto",
            "youtube": "UCgTzsBI0DIRopMylJEDqnog"
        }
    ]
}