{
    "id": "nijisanji",
    "name": "Nijisanji Main Branch",
    "main_key": "youtube",
    "upload_base": "Nijisanji",
    "vliver": [
        {
            "id": 1,
            "name": "Kasumi Izumo",
            "youtube": "UCLpYMk5h1bq8_GAFVBgXhPQ"
        },
        {
            "id": 2,
            "name": "Moira",
            "youtube": "UCvmppcdYf4HOv-tFQhHHJMA"
        },
        {
            "id": 3,
            "name": "Alice Mononobe",
            "youtube": "UCt0clH12Xk1-Ej5PXKGfdPA",
            "bilibili": "434565011"
        },
        {
            "id": 4,
            "name": "Youko Akabane",
            "youtube": "UCBi8YaVyZpiKWN3_Z0dCTfQ"
        },
        {
            "id": 5,
            "name": "Masaru Suzuki",
            "youtube": "UCryOPk2GZ1meIDt53tL30Tw"
        },
        {
            "id": 6,
            "name": "Gilzaren Ⅲ",
            "youtube": "UCUzJ90o1EjqUbk2pBAy0_aw"
        },
        {
            "id": 7,
            "name": "Kanae",
            "youtube": "UCspv01oxUFf_MTSipURRhkA",
            "bilibili": "434563934",
            "twitch": "kanae_2434"
        },
        {
            "id": 8,
            "name": "Kuzuha",
            "youtube": "UCSFCh5NL4qXrAy9u-u2lX3g",
            "bilibili": "434563422"
        },
        {
            "id": 9,
            "name": "Mugi Ienaga",
            "youtube": "UC_GCs6GARLxEHxy1w40d6VQ",
            "bilibili": "436596837"
        },
        {
            "id": 10,
            "name": "Saku Sasaki",
            "youtube": "UCoztvTULBYd3WmStqYeoHcA",
            "bilibili": "436596839"
        },
        {
            "id": 11,
            "name": "Rin Shizuka",
            "youtube": "UC6oDys1BGgBsIC3WhG1BovQ",
            "bilibili": "403921378"
        },
        {
            "id": 12,
            "name": "Riri Yuhi",
            "youtube": "UC48jH1ul-6HOrcSSfoR02fQ"
        },
        {
            "id": 13,
            "name": "Aki Suzuya",
            "youtube": "UCpnvhOIJ6BN-vPkYU9ls-Eg"
        },
        {
            "id": 14,
            "name": "Elu",
            "youtube": "UCYKP16oMX9KKPbrNgo_Kgag"
        },
        {
            "id": 15,
            "name": "Sister Claire",
            "youtube": "UC1zFJrfEKvCixhsjNSb1toQ",
            "bilibili": "477780496"
        },
        {
            "id": 16,
            "name": "Joe Rikiichi",
            "youtube": "UChUJbHiTVeGrSkTdBzVfNCQ"
        },
        {
            "id": 17,
            "name": "Chihiro Yuki",
            "youtube": "UCLO9QDxVL4bnvRRsz6K4bsQ"
        },
        {
            "id": 18,
            "name": "Debidebi Debiru",
            "youtube": "UCjlmCrq4TP1I4xguOtJ-31w",
            "bilibili": "441666968"
        },
        {
            "id": 19,
            "name": "Dola",
            "youtube": "UC53UDnhAAYwvNO7j_2Ju1cQ"
        },
        {
            "id": 20,
            "name": "Belmond Banderas",
            "youtube": "UCbc8fwhdUNlqi-J99ISYu4A",
            "bilibili": "441666967"
        },
        {
            "id": 21,
            "name": "Gaku Fushimi",
            "youtube": "UCXU7YYxy_iQd3ulXyO-zC2w"
        },
        {
            "id": 23,
            "name": "Toya Kenmochi",
            "youtube": "UCv1fFr156jc65EMiLbaLImw"
        },
        {
            "id": 24,
            "name": "Kou Uzuki",
            "youtube": "UC3lNFeJiTq6L3UWoz4g1e-A",
            "twitcasting": "udukikohh"
        },
        {
            "id": 26,
            "name": "Kakeru Yumeoi",
            "youtube": "UCTIE7LM5X15NVugV7Krp9Hw",
            "bilibili": "511613154"
        },
        {
            "id": 27,
            "name": "Ichigo Ushimi",
            "youtube": "UCmUjjW5zF1MMOhYUwwwQv9Q"
        },
        {
            "id": 28,
            "name": "Momo Azuchi",
            "youtube": "UC6TfqY40Xt1Y0J-N18c85qQ"
        },
        {
            "id": 29,
            "name": "Naru Naruse",
            "youtube": "UCoM_XmK45j504hfUWvN06Qg"
        },
        {
            "id": 30,
            "name": "Tamaki Fumino",
            "youtube": "UCBiqkFJljoxAj10SoP2w2Cg"
        },
        {
            "id": 31,
            "name": "Air Harusaki",
            "youtube": "UCtAvQ5U0aXyKwm2i4GqFgJg"
        },
        {
            "id": 32,
            "name": "Mito Tsukino",
            "youtube": "UCD-miitqNY3nyukJ4Fnf4_A"
        },
        {
            "id": 34,
            "name": "Himawari Honma",
            "youtube": "UC0g1AE0DOjBYnLhkgoRWN1w",
            "bilibili": "403928672"
        },
        {
            "id": 35,
            "name": "Ritsuki Sakura",
            "youtube": "UCfQVs_KuXeNAlGa3fb8rlnQ"
        },
        {
            "id": 36,
            "name": "Kazaki Morinaka",
            "youtube": "UCtpB6Bvhs1Um93ziEDACQ8g",
            "bilibili": "436596836"
        },
        {
            "id": 37,
            "name": "Yuika Shiina",
            "youtube": "UC_4tXjqecqox5Uc05ncxpxg",
            "bilibili": "403927583"
        },
        {
            "id": 38,
            "name": "Kaede Higuchi",
            "youtube": "UCsg-YqdqQ-KFF0LNk23BY4A",
            "bilibili": "410455162"
        },
        {
            "id": 40,
            "name": "Hajime Shibuya",
            "youtube": "UCeK9HFcRZoTrvqcUCtccMoQ"
        },
        {
            "id": 41,
            "name": "Chima Machita",
            "youtube": "UCo7TRj3cS-f_1D9ZDmuTsjw"
        },
        {
            "id": 42,
            "name": "Rine Yaguruma",
            "youtube": "UCvzVB-EYuHFXHZrObB8a_Og"
        },
        {
            "id": 43,
            "name": "Kizuku Yashiro",
            "youtube": "UCKMYISTJAQ8xTplUPHiABlA",
            "bilibili": "458154141"
        },
        {
            "id": 44,
            "name": "Shoichi Kanda",
            "youtube": "UCWz0CSYCxf4MhRKPDm220AQ"
        },
        {
            "id": 45,
            "name": "Mikoto Rindou",
            "youtube": "UCPvGypSgfDkVe7JG2KygK7A",
            "bilibili": "434564604"
        },
        {
            "id": 46,
            "name": "Ryushen",
            "youtube": "UCt5-0i4AVHXaWJrL8Wql3mw",
            "bilibili": "403930401"
        },
        {
            "id": 47,
            "name": "Keisuke Maimoto",
            "youtube": "UCJubINhCcFXlsBwnHp0wl_g",
            "bilibili": "477780497"
        },
        {
            "id": 48,
            "name": "Chaika Hanabatake",
            "youtube": "UCsFn_ueskBkMCEyzCEqAOvg"
        },
        {
            "id": 49,
            "name": "Kyoko Todoroki",
            "youtube": "UCRV9d6YCYIMUszK-83TwxVA"
        },
        {
            "id": 51,
            "name": "Utako Suzuka",
            "youtube": "UCwokZsOK_uEre70XayaFnzA",
            "bilibili": "458154144"
        },
        {
            "id": 53,
            "name": "Sayo Amemori",
            "youtube": "UCRWOdwLRsenx2jLaiCAIU4A"
        },
        {
            "id": 55,
            "name": "Hina Asuka",
            "youtube": "UCiSRx1a2k-0tOg-fs6gAolQ"
        },
        {
            "id": 56,
            "name": "Makaino Ririmu",
            "youtube": "UC9EjSJ8pvxtvPdxLOElv73w"
        },
        {
            "id": 58,
            "name": "Rion Takamiya",
            "youtube": "UCV5ZZlLjk5MKGg3L0n0vbzw",
            "bilibili": "436596840"
        },
        {
            "id": 59,
            "name": "Shiba Kuroi",
            "youtube": "UCmeyo5pRj_6PXG-CsGUuWWg"
        },
        {
            "id": 60,
            "name": "Meiji Warabeda",
            "youtube": "UCveZ9Ic1VtcXbsyaBgxPMvg",
            "bilibili": "458154140"
        },
        {
            "id": 62,
            "name": "Mirei Gundo",
            "youtube": "UCeShTCVgZyq2lsBW9QwIJcw",
            "bilibili": "458154139",
            "twitcasting": "g9v9g_mirei"
        },
        {
            "id": 63,
            "name": "Roa Yuzuki",
            "youtube": "UCCVwhI5trmaSxfcze_Ovzfw",
            "bilibili": "477780499"
        },
        {
            "id": 64,
            "name": "Haruka Onomachi",
            "youtube": "UCg63a3lk6PNeWhVvMRM_mrQ"
        },
        {
            "id": 65,
            "name": "Tsumugu Kataribe",
            "youtube": "UCufQu4q65z63IgE4cfKs1BQ"
        },
        {
            "id": 66,
            "name": "Miyako Seto",
            "youtube": "UCHK5wkevfaGrPr7j3g56Jmw"
        },
        {
            "id": 67,
            "name": "Nijisanji",
            "youtube": "UCX7YkU9nEeaoZbkVLVajcMg"
        },
        {
            "id": 68,
            "name": "Era Otogibara",
            "youtube": "UCwQ9Uv-m8xkE5PzRc7Bqx3Q",
            "bilibili": "436596838"
        },
        {
            "id": 70,
            "name": "Ange Katrina",
            "youtube": "UCHVXbQzkl3rDfsXWo8xi2qw",
            "bilibili": "458154143"
        },
        {
            "id": 71,
            "name": "Toko Inui",
            "youtube": "UCXRlIK3Cw_TJIQC5kSJJQMg",
            "bilibili": "458154142"
        },
        {
            "id": 72,
            "name": "Lize Helesta",
            "youtube": "UCZ1xuCK1kNmn5RzPYIZop3w",
            "bilibili": "436596841"
        },
        {
            "id": 73,
            "name": "Lulu Suzuhara",
            "youtube": "UC_a1ZYZ8ZTXpjg9xUY9sj8w"
        },
        {
            "id": 74,
            "name": "Akina Saegusa",
            "youtube": "UCNW1Ex0r6HsWRD4LCtPwvoQ"
        },
        {
            "id": 75,
            "name": "Manami Aizono",
            "youtube": "UC0WwEfE-jOM2rzjpdfhTzZA"
        },
        {
            "id": 76,
            "name": "Mahiro Yukishiro",
            "youtube": "UCHX7YpFG8rVwhsHCx34xt7w"
        },
        {
            "id": 78,
            "name": "Levi Elipha",
            "youtube": "UCtnO2N4kPTXmyvedjGWdx3Q"
        },
        {
            "id": 79,
            "name": "Ex Albio",
            "youtube": "UCIytNcoz4pWzXfLda0DoULQ",
            "bilibili": "477780498"
        },
        {
            "id": 82,
            "name": "Marin Hayama",
            "youtube": "UCfipDDn7wY-C-SoUChgxCQQ"
        },
        {
            "id": 83,
            "name": "Nui Sociere",
            "youtube": "UCUc8GZfFxtmk7ZwSO7ccQ0g"
        },
        {
            "id": 84,
            "name": "Hayato Kagami",
            "youtube": "UCmovZ2th3Sqpd00F5RdeigQ"
        },
        {
            "id": 85,
            "name": "Fuyuki Hakase",
            "youtube": "UCGYAYLDE7TZiiC8U6teciDQ"
        },
        {
            "id": 86,
            "name": "Rena Yorumi",
            "youtube": "UCL34fAoFim9oHLbVzMKFavQ"
        },
        {
            "id": 87,
            "name": "Ars Almal",
            "youtube": "UCdpUojq0KWZCN9bxXnZwz5w"
        },
        {
            "id": 88,
            "name": "Uiha Aiba",
            "youtube": "UCnRQYHTnRLSF0cLJwMnedCg"
        },
        {
            "id": 89,
            "name": "Kai Mayuzumi",
            "youtube": "UCb5JxV6vKlYVknoJB8TnyYg"
        },
        {
            "id": 90,
            "name": "Ratna Petit",
            "youtube": "UCIG9rDtgR45VCZmYnd-4DUw"
        },
        {
            "id": 91,
            "name": "Kokoro Amamiya",
            "youtube": "UCkIimWZ9gBJRamKF0rmPU8w",
            "bilibili": "488976342"
        },
        {
            "id": 92,
            "name": "Eli Conifer",
            "youtube": "UCpNH2Zk2gw3JBjWAKSyZcQQ"
        },
        {
            "id": 93,
            "name": "Sou Hayase",
            "youtube": "UC2OacIzd2UxGHRGhdHl1Rhw"
        },
        {
            "id": 94,
            "name": "Kana Sukoya",
            "youtube": "UC8C1LLhBhf_E2IBPLSDJXlQ"
        },
        {
            "id": 95,
            "name": "Shellin Burgundy",
            "youtube": "UCHBhnG2G-qN0JrrWmMO2FTA"
        },
        {
            "id": 96,
            "name": "Fumi",
            "youtube": "UCwrjITPwG4q71HzihV2C7Nw"
        },
        {
            "id": 97,
            "name": "Sara Hoshikawa",
            "youtube": "UC9V3Y3_uzU5e-usObb6IE1w"
        },
        {
            "id": 98,
            "name": "Karuta Yamagami",
            "youtube": "UCllKI7VjyANuS1RXatizfLQ"
        },
        {
            "id": 99,
            "name": "Emma August",
            "youtube": "UCl1oLKcAq93p-pwKfDGhiYQ"
        },
        {
            "id": 100,
            "name": "Luis Cammy",
            "youtube": "UCb6ObE-XGCctO3WrjRZC-cw"
        },
        {
            "id": 101,
            "name": "Mao Matsukai",
            "youtube": "UCerkculBD7YLc_vOGrF7tKg"
        },
        {
            "id": 102,
            "name": "Minato Fuwa",
            "youtube": "UC6wvdADTJ88OfIbJYIpAaDA"
        },
        {
            "id": 103,
            "name": "Tomoe Shirayuki",
            "youtube": "UCuvk5PilcvDECU7dDZhQiEw"
        },
        {
            "id": 104,
            "name": "Gwelu Os Gar",
            "youtube": "UC1QgXt46-GEvtNjEC1paHnw"
        },
        {
            "id": 105,
            "name": "Mashiro",
            "youtube": "UCfki3lMEF6SGBFiFfo9kvUA"
        },
        {
            "id": 106,
            "name": "Naraka",
            "youtube": "UC-o-E6I3IC2q8sAoAuM6Umg"
        },
        {
            "id": 107,
            "name": "Natsume Kurusu",
            "youtube": "UCRcLAVTbmx2-iNcXSsupdNA"
        },
        {
            "id": 108,
            "name": "Furen E Lustario",
            "youtube": "UCuep1JCrMvSxOGgGhBfJuYw"
        },
        {
            "id": 109,
            "name": "Ibrahim",
            "youtube": "UCmZ1Rbthn-6Jm_qOGjYsh5A"
        },
        {
            "id": 110,
            "name": "Melissa Kinrenka",
            "youtube": "UCwcyyxn6h9ex4sMXGtpQE_g"
        },
        {
            "id": 111,
            "name": "Tojiro Genzuki",
            "youtube": "UCGw7lrT-rVZCWHfdG9Frcgg"
        },
        {
            "id": 112,
            "name": "Haru Kaida",
            "youtube": "UCo2N7C-Z91waaR6lF3LL_jw"
        },
        {
            "id": 113,
            "name": "Kei Nagao",
            "youtube": "UCXW4MqCQn-jCaxlX-nn-BYg"
        },
        {
            "id": 114,
            "name": "Kirame Sorahoshi",
            "youtube": "UC_82HBGtvwN1hcGeOGHzUBQ"
        },
        {
            "id": 115,
            "name": "Meiro Kingyozaka",
            "youtube": "UC69URn8iP4u8D_zUp-IJ1sg"
        },
        {
            "id": 116,
            "name": "Chigusa Nishizono",
            "youtube": "UCkngxfPbmGyGl_RIq4FA3MQ"
        },
        {
            "id": 117,
            "name": "Akane Asahina",
            "youtube": "UCe_p3YEuYJb8Np0Ip9dk-FQ"
        },
        {
            "id": 118,
            "name": "Sango Suo",
            "youtube": "UCL_O_HXgLJx3Auteer0n0pA"
        },
        {
            "id": 119,
            "name": "Kohaku Todo",
            "youtube": "UCebT4Aq-3XWb5je1S1FvR_A"
        },
        {
            "id": 120,
            "name": "Hisui Kitakoji",
            "youtube": "UCRqBKoKuX30ruKAq05pCeRQ"
        },
        {
            "id": 121,
            "name": "Axia Krone",
            "youtube": "UC8oPnditPSp5lZu45fnXWCA"
        },
        {
            "id": 122,
            "name": "Lauren Iroas",
            "youtube": "UCgmFrRcyH7d1zR9sIVQhFow"
        },
        {
            "id": 123,
            "name": "Leos Vincent",
            "youtube": "UC-6rZgmxZSIbq786j3RD5ow"
        },
        {
            "id": 124,
            "name": "Oliver Evans",
            "youtube": "UCqjTqdVlvIipZXIKeCkHKUA"
        },
        {
            "id": 125,
            "name": "Lain Paterson",
            "youtube": "UCRm6lqtdxs_Qo6HeL-SRQ-w"
        }
    ]
}