{
    "id": "nijisanjien",
    "name": "Nijisanji English",
    "main_key": "youtube",
    "upload_base": "Nijisanji/.Nijisanji EN",
    "vliver": [
        {
            "name": "NIJISANJI English Official",
            "youtube": "UC-JSeFfovhNsEhftt1WHMvg"
        },
        {
            "name": "Finana Ryugu",
            "youtube": "UCu-J8uIXuLZh16gG-cT1naw"
        },
        {
            "name": "Elira Pendora",
            "youtube": "UCIeSUTOTkF9Hs7q3SGcO-Ow"
        },
        {
            "name": "Pomu Rainpuff",
            "youtube": "UCP4nMSTdwU1KqYWu3UH5DHQ"
        },
        {
            "name": "Selen Tatsuki",
            "youtube": "UCV1xUwfM2v2oBtT3JNvic3w"
        },
        {
            "name": "Rosemi Lovelock",
            "youtube": "UC4WvIIAo89_AzGUh1AZ6Dkg"
        },
        {
            "name": "Petra Gurin",
            "youtube": "UCgA2jKRkqpY_8eysPUs8sjw"
        },
        {
            "name": "Enna Alouette",
            "youtube": "UCR6qhsLpn62WVxCBK1dkLow"
        },
        {
            "name": "Nina Kosaka",
            "youtube": "UCkieJGn3pgJikVW8gmMXE2w"
        },
        {
            "name": "Millie Parfait",
            "youtube": "UC47rNmkDcNgbOcM-2BwzJTQ"
        },
        {
            "name": "Reimu Endou",
            "youtube": "UCBURM8S4LH7cRZ0Clea9RDA"
        }
    ]
}