{
    "id": "nijisanjikr",
    "name": "Nijisanji Korea",
    "main_key": "youtube",
    "upload_base": "Nijisanji/.Nijisanji KR",
    "vliver": [
        {
            "name": "Wiffy",
            "youtube": "UCzMAP-oh5-pC8j6RlCPf26w"
        },
        {
            "name": "Yuya Shin",
            "youtube": "UCjGE11ZnF0JSR8egVAwh-3A",
            "twitch": "yuyashin2434"
        },
        {
            "name": "Suha Min",
            "youtube": "UCUtKkGKef8BYMs3h-3zQm9A",
            "twitch": "suhamin2434"
        },
        {
            "name": "Mogaon",
            "youtube": "UCpRXCTyNNa-MnjhK6gisnRw",
            "twitch": "gaon_2434"
        },
        {
            "name": "Chiho Han",
            "youtube": "UCJ6LH4jMNy0JN9RSThz1mMQ",
            "twitch": "chihorahao"
        },
        {
            "name": "Siu Lee",
            "youtube": "UCSlv7Z-4q7_7NRkzJB10A5Q",
            "twitch": "siulee2434"
        },
        {
            "name": "Nagi So",
            "youtube": "UC5ek2GWKvUKFgnKSHuuCFrw",
            "twitch": "nagiso2434"
        },
        {
            "name": "Ara Chae",
            "youtube": "UCmWqYB6y8gSfPONWGspuOWQ",
            "twitch": "arachae2434"
        },
        {
            "name": "Nun Bora",
            "youtube": "UC1ZV7KBscK0EMoJKFu1DnDg",
            "twitch": "boranun2434"
        },
        {
            "name": "Akira Ray",
            "youtube": "UC7hffDQLKIEG-_zoAQkMIvg",
            "twitch": "rayakira2434"
        },
        {
            "name": "Lee Roha",
            "youtube": "UCClwIqTUn5LDpFucHyaAhHg",
            "twitch": "rohalee2434"
        },
        {
            "name": "Oh Jiyu",
            "youtube": "UCnzZmBOSrQf2wDBbnsDajVw",
            "twitch": "jiyuoh2434"
        },
        {
            "name": "Shin Kiru",
            "youtube": "UCi6nV5Z2dzFuXBzLG3P9zqQ",
            "twitch": "kirushin2434"
        },
        {
            "name": "Yang Nari",
            "youtube": "UCCHH0nWYXFZmtDS_4tvMxHQ",
            "twitch": "nariyang2434"
        },
        {
            "name": "Ryu Hari",
            "youtube": "UClS6k3w1sPwlVFqK3-yID5A",
            "twitch": "hariryu2434"
        },
        {
            "name": "Seffyna",
            "youtube": "UCeGendL8CO5RkffB6IFwHow"
        },
        {
            "name": "Ban Hada",
            "youtube": "UCLjx3lqIkYkPCBJop8czJ2A",
            "twitch": "banhada2434"
        },
        {
            "name": "Song Mia",
            "youtube": "UCyqzU2nq7eGNi4kN0uHx7TA",
            "twitch": "songmia2434"
        }
    ]
}