{
    "id": "noripro",
    "name": "Norio Production",
    "main_key": "youtube",
    "upload_base": "NoriPro",
    "vliver": [
        {
            "name": "Norio Burabura",
            "youtube": "UCEd6G9T-jLieKWKVfpTlAKg"
        },
        {
            "name": "Inuyama Tamaki",
            "youtube": "UC8NZiqKx6fsDT3AVcMiVFyA",
            "bilibili": "12362451",
            "twitcasting": "norioo_"
        },
        {
            "name": "Shirayuki Mishiro",
            "youtube": "UCC0i9nECi4Gz7TU63xZwodg",
            "bilibili": "405981431"
        },
        {
            "name": "Milk Enomiya",
            "youtube": "UCJCzy0Fyrm0UhIrGQ7tHpjg",
            "bilibili": "419429042"
        },
        {
            "name": "Himesaki Yuzuru",
            "youtube": "UCle1cz6rcyH0a-xoMYwLlAg"
        },
        {
            "name": "Hoozuki Warabe",
            "youtube": "UCLyTXfCZtl7dyhta9Jg3pZg"
        },
        {
            "name": "Kumagaya Takuma",
            "youtube": "UCCXME7oZmXB2VFHJbz5496A"
        },
        {
            "name": "Yumeno Lilith",
            "youtube": "UCH11P1Hq4PXdznyw1Hhr3qw"
        },
        {
            "name": "Ouma Kirara",
            "youtube": "UCBAeKqEIugv69Q2GIgcH7oA"
        },
        {
            "name": "Kurumizawa Momo",
            "youtube": "UCxrmkJf_X1Yhte_a4devFzA"
        }
    ]
}