{
    "id": "paryiproject",
    "name": "Paryi Project",
    "main_key": "youtube",
    "upload_base": "Paryi Project",
    "vliver": [
        {
            "name": "Paryi",
            "youtube": "UCrhx4PaF3uIo9mDcTxHnmIg",
            "bilibili": "1576121"
        },
        {
            "name": "Yumeno Shiori",
            "youtube": "UCH0ObmokE-zUOeihkKwWySA",
            "bilibili": "372984197"
        },
        {
            "name": "Chigusa Hana",
            "youtube": "UCn14Z641OthNps7vppBvZFA",
            "bilibili": "8119834"
        },
        {
            "name": "Alice Mana",
            "youtube": "UCIaC5td9nGG6JeKllWLwFLA",
            "bilibili": "3149619"
        },
        {
            "name": "Morinaga Miu",
            "youtube": "UChN7P9OhRltW3w9IesC92PA",
            "bilibili": "2778044"
        },
        {
            "name": "Kagura Mea",
            "youtube": "UCWCc8tO-uUl_7SJXIKJACMw",
            "bilibili": "349991143",
            "twitcasting": "kaguramea_vov"
        },
        {
            "name": "Hanazono Serena",
            "youtube": "UCRXBTd80F5IIWWY4HatJ5Ug",
            "bilibili": "380829248"
        },
        {
            "name": "Takatsuki Ritsu",
            "youtube": "UCL9dLCVvHyMiqjp2RDgowqQ",
            "bilibili": "6055289"
        }
    ]
}