{
    "id": "unlimited",
    "name": "Unlimited",
    "main_key": "youtube",
    "upload_base": "Unlimited",
    "vliver": [
        {
            "name": "Aogiri Koukou Game-bu",
            "youtube": "UCPLeqi7rIqS9uY4_TrSUOMg",
            "bilibili": "544348"
        },
        {
            "name": "Game-bu Project",
            "youtube": "UC2ZVDmnoZAOdLt7kI7Uaqog",
            "bilibili": "252599"
        },
        {
            "name": "Cocoa Domyoji",
            "youtube": "UCCebk1_w5oiMUTRxdNJq0sA",
            "bilibili": "381951501"
        },
        {
            "name": "Yuika Kazami",
            "bilibili": "456435399",
            "youtube": "UC5Oe-wG53cRHkpV3aHXfLUQ"
        },
        {
            "name": "Houkago Game-bu",
            "youtube": "UCBX00PjvFhTVnnDAR848O3A"
        },
        {
            "name": "AyaHina",
            "youtube": "UCjR1q4ab0fcg6cPomnjUgHg"
        },
        {
            "name": "Miria",
            "youtube": "UCWq6L3iY4hGK4LmylvQtj-g"
        },
        {
            "name": "Kaede",
            "youtube": "UCvi7XDiewenqdMvamLJNMGg"
        },
        {
            "name": "Ayaka Hiragi",
            "youtube": "UC-OwBpmo5BYCYem2SBpJY_g"
        },
        {
            "name": "Haruto",
            "youtube": "UCjhb6SKya3hvowPr1gtwfPw"
        },
        {
            "name": "Ryo",
            "youtube": "UCuAkSIfWmGJ1Mw8BtB_iZzA"
        }
    ]
}