{
    "id": "upd8",
    "name": "upd8",
    "main_key": "youtube",
    "upload_base": "upd8",
    "vliver": [
        {
            "name": "CocoTsuki",
            "youtube": "UCH1B9AR8sfWJVf9zcu9rbGg",
            "bilibili": "407980569"
        },
        {
            "name": "Eve SCP",
            "youtube": "UChGY3OpdU6wzFzygJ_Rjvlw",
            "bilibili": "394851149"
        },
        {
            "name": "Miya Kimino",
            "bilibili": "363072546",
            "youtube": "UCg8TPE5nLLOqlNnBivmQwww"
        },
        {
            "name": "YuNi",
            "youtube": "UCHTnX0CSX_KObo5I9WuZ64g",
            "bilibili": "325325965"
        },
        {
            "name": "Omega Sisters",
            "youtube": "UCNjTjd2-PMC8Oo_-dCEss7A",
            "bilibili": "423728837"
        },
        {
            "name": "Alpha Brothers",
            "youtube": "UCDiCNS939uq5E4-5CJ-EAZQ"
        },
        {
            "name": "Kashiko Mari",
            "youtube": "UCfiK42sBHraMBK6eNWtsy7A",
            "bilibili": "9986117"
        },
        {
            "name": "Nora Cat",
            "youtube": "UC3iwL9Yz8LcKkJsnLPevOTQ",
            "bilibili": "288793323"
        },
        {
            "name": "Tomari Mari",
            "youtube": "UCkPIfBOLoO0hVPG-tI2YeGg",
            "bilibili": "348832436"
        },
        {
            "name": "Yoruno Neon",
            "bilibili": "1341914",
            "youtube": "UCLQIMDHNE0ZGAiHIdMbq7dw"
        },
        {
            "name": "Shibuya Hal",
            "youtube": "UChLfthKoUV502J7gU9STArg",
            "bilibili": "420321371",
            "twitch": "shibuyahal"
        },
        {
            "name": "Oda Nobuhime",
            "youtube": "UCGcD5iUDG8xiywZeeDxye-A",
            "bilibili": "80387576"
        },
        {
            "name": "Hibiki Ao",
            "youtube": "UCNwo7eikmX5HPs7NedWVBgw",
            "bilibili": "434973578"
        },
        {
            "name": "Hibiki Ao 2nd",
            "youtube": "UCTNOpMjGN-Djwrj6WHfJgqQ",
            "bilibili": "434973578"
        },
        {
            "name": "Akagi",
            "youtube": "UC7IyAJq03ohb0TpGqsFfPng",
            "bilibili": "144597183"
        },
        {
            "name": "Nijikawa Laki",
            "youtube": "UCp77Qho-YHhnklRr-DkjiOw",
            "bilibili": "19910651"
        },
        {
            "name": "Osanai Mei",
            "youtube": "UCZx7wgGNs2UFyRRtLoNur9Q",
            "bilibili": "302464013"
        },
        {
            "name": "Uga Meika",
            "youtube": "UC7-N7MvN5muVIHqyQx9LFbA",
            "bilibili": "354185995"
        },
        {
            "name": "Uga Meika Sub ch.",
            "youtube": "UCDL4ToqwKnOQz3d1wwj4kzg"
        },
        {
            "name": "Yamikumo Kerin",
            "youtube": "UCeAfiVvEuyICYJW-f3GnQjQ"
        },
        {
            "name": "Oiran Yugiri",
            "youtube": "UCMxKcUjeTEcgHmC9Zzn3R4w"
        },
        {
            "name": "Choueki Tarou",
            "youtube": "UC0e6zo8oX6ISSBjPaSZsjeA"
        },
        {
            "name": "Choueki Tarou",
            "youtube": "UC0e6zo8oX6ISSBjPaSZsjeA"
        },
        {
            "name": "Fukuya Master",
            "youtube": "UCXzcu59Cbu-hkpNNXnNiKDg"
        },
        {
            "name": "Fukuya Master Game",
            "youtube": "UCvGaQlF9hISC0EodUeY5jcg"
        },
        {
            "name": "Lara Otohane",
            "youtube": "UC84RYorF7UcJzt_iAYXBisA"
        },
        {
            "name": "Maou Magurona",
            "youtube": "UCPf-EnX70UM7jqjKwhDmS8g"
        },
        {
            "name": "Mito Kineu",
            "youtube": "UCLXxry0HqEz_mzHSsXwrhYg"
        },
        {
            "name": "Kasukabe Tsukushi",
            "youtube": "UCHccxX2p_9DB_HPnXSb2omw"
        },
        {
            "name": "Zombi-ko",
            "youtube": "UCiVRnULJjc8o-j_lG5BAzKw"
        },
        {
            "name": "Zombi-ko",
            "youtube": "UCiVRnULJjc8o-j_lG5BAzKw"
        },
        {
            "name": "Sakurazuki Kanon",
            "youtube": "UC3-jXrZXv-PQshpaTQpicPQ"
        },
        {
            "name": "Virtual Neko",
            "youtube": "UCKDHdDpoE9lurDuyAGAuNnw"
        },
        {
            "name": "Pandei",
            "youtube": "UCu5DbFfYe3KiwhcmanCvSVg"
        },
        {
            "name": "Icotsu",
            "youtube": "UCGFD_8TRHhlpjfqGhLUSk4g"
        },
        {
            "name": "Shiotenshi Riel",
            "youtube": "UCE5rWcDxLPaaUFWOxzJFfNg"
        },
        {
            "name": "Dela to Hadou",
            "youtube": "UC0QzO6nK1cEDZvJSt2769Zw"
        },
        {
            "name": "Moscowmule Station",
            "youtube": "UCX7WYPXASkYUm2GyomLllIg"
        },
        {
            "name": "KITSUNEKON",
            "youtube": "UCyZZMKRn-mUEkPzaqa9b6bg"
        },
        {
            "name": "Cheriko Kitaku-bu",
            "youtube": "UCBnJcqkJofBN26VELPXSB5A"
        },
        {
            "name": "Amane Maho",
            "youtube": "UCH9DjwkMq9P6yGioc0-NaJg"
        },
        {
            "name": "Engine Kazumi",
            "youtube": "UCZk6mxfTpjuuxgqxuFBJO_g"
        },
        {
            "name": "ARCANA Channel",
            "youtube": "UCmGxj8pXAF4J8tVYiveAnpQ"
        },
        {
            "name": "Licia Kirara",
            "youtube": "UCQn9QZF02tAUnC-hCnveEng"
        },
        {
            "name": "Plum Togashi",
            "youtube": "UCk7cMvrfvH98Bfng58N_Zzw"
        }
    ]
}