{
    "id": "vapart",
    "name": "VApArt",
    "main_key": "youtube",
    "upload_base": "774 inc./VApArt",
    "vliver": [
        {
            "name": "VTuber Apart Official",
            "youtube": "UCr83W-PdmmbstrvnCn9kdZQ",
            "bilibili": "354940834"
        },
        {
            "name": "Ando Uge",
            "youtube": "UC3EhsuKdEkI99TWZwZgWutg",
            "bilibili": "354940834"
        },
        {
            "name": "Camomi Camomi",
            "youtube": "UCL-2thbJ7grC9fmGF4OLuTg",
            "bilibili": "354940834"
        },
        {
            "name": "Anko Kisaki",
            "youtube": "UChXm-xAYPfygrbyLo2yCASQ",
            "bilibili": "354940834"
        },
        {
            "name": "Kanon Kanade",
            "youtube": "UCmqrvfLMws-GLGHQcB5dasg",
            "bilibili": "354940834"
        }
    ]
}