{
    "id": "vshojo",
    "name": "VShojo",
    "upload_base": "VShojo",
    "main_key": "twitch",
    "vliver": [
        {
            "name": "Nyatasha Nyanners",
            "twitch": "nyanners"
        },
        {
            "name": "Projekt Melody",
            "twitch": "projektmelody"
        },
        {
            "name": "Froot",
            "twitch": "bsapricot"
        },
        {
            "name": "Zentreya",
            "twitch": "zentreya"
        },
        {
            "name": "Silvervale",
            "twitch": "silvervale"
        },
        {
            "name": "Ironmouse",
            "twitch": "ironmouse"
        },
        {
            "name": "Hime Hajime",
            "twitch": "hajime"
        },
        {
            "name": "Veibae",
            "twitch": "veibae"
        }
    ]
}